id;name;email;phone;job_title
1;reciprocal withdrawal;Guy83@yahoo.fr;0506757948;a a Developpeur
2;a strategy;Odette_Vidal@hotmail.fr;+33 720457907;b a Directeur
3;c online;Jol42@yahoo.fr;0775083889;a a Producteur
4;morph index;Adodat22@yahoo.fr;0214906686;a a Ingenieur
5;Sainte-Lucie Avon;Adalbert75@hotmail.fr;0706295249;c c Stagiaire
6;orange;Justine.Perez@hotmail.fr;0575104949;c a Specialiste
7;payment;Ariste_Guyot82@yahoo.fr;0493651321;a a Developpeur
8;a;Nolle7@yahoo.fr;0413935351;a c Agent
9;Niger Manager;Michal_Perrot@yahoo.fr;+33 685907699;a b Technicien
10;invoice;Azlie9@gmail.com;0176499443;c a Designer
